{
  "anecdotes": [
    {
      "content": "If it hurts, do it more often",
      "id": "47145",
      "votes": 150
    },
    {
      "content": "Adding manpower to a late software project makes it later!",
      "id": "21149",
      "votes": 11
    },
    {
      "content": "Any fool can write code that a computer can understand. Good programmers write code that humans can understand.",
      "id": "36975",
      "votes": 18
    },
    {
      "content": "Premature optimization is the root of all evil.",
      "id": "25170",
      "votes": 8
    },
    {
      "content": "Debugging is twice as hard as writing the code in the first place. Therefore, if you write the code as cleverly as possible, you are, by definition, not smart enough to debug it.",
      "id": "98312",
      "votes": 9
    },
    {
      "content": "333333333333",
      "votes": 7,
      "id": "gxc7PLM"
    },
    {
      "content": "333333333333",
      "votes": 8,
      "id": "idi_iwQ"
    },
    {
      "content": "adsdasdas",
      "votes": 7,
      "id": "vsYhxcb"
    },
    {
      "content": "sdfsdf",
      "votes": 15,
      "id": "VC6Affz"
    },
    {
      "content": "tttttttttttttttttttttttttt",
      "votes": 23,
      "id": "blPgEkB"
    },
    {
      "content": "fsadfsdafsdafsadfasdfasdf",
      "votes": 41,
      "id": "JHwR6di"
    },
    {
      "content": "adsdasdas",
      "votes": 10,
      "id": "neUJmoT"
    },
    {
      "content": "333333333333",
      "votes": 9,
      "id": "q3QSf-c"
    }
  ]
}